{
  "project_info": {
    "project_number": "448618578101",
    "firebase_url": "https://react-native-firebase-testing.firebaseio.com",
    "project_id": "react-native-firebase-testing",
    "storage_bucket": "react-native-firebase-testing.appspot.com"
  },
  "client": [
    {
      "client_info": {
        "mobilesdk_app_id": "1:448618578101:android:cadfc9e23089d00eac3efc",
        "android_client_info": {
          "package_name": "com.dackers.demo"
        }
      },
      "oauth_client": [
        {
          "client_id": "448618578101-sg12d2qin42cpr00f8b0gehs5s7inm0v.apps.googleusercontent.com",
          "client_type": 3
        }
      ],
      "api_key": [
        {
          "current_key": "AIzaSyCuu4tbv9CwwTudNOweMNstzZHIDBhgJxA"
        }
      ],
      "services": {
        "appinvite_service": {
          "other_platform_oauth_client": [
            {
              "client_id": "448618578101-sg12d2qin42cpr00f8b0gehs5s7inm0v.apps.googleusercontent.com",
              "client_type": 3
            },
            {
              "client_id": "448618578101-qqah55eossjuaa9np6ppo2l9fe3e7ohh.apps.googleusercontent.com",
              "client_type": 2,
              "ios_info": {
                "bundle_id": "com.crashlytics.test"
              }
            }
          ]
        }
      }
    },
    {
      "client_info": {
        "mobilesdk_app_id": "1:448618578101:android:f97c4f71d274e363ac3efc",
        "android_client_info": {
          "package_name": "com.example.crash_test_2"
        }
      },
      "oauth_client": [
        {
          "client_id": "448618578101-sg12d2qin42cpr00f8b0gehs5s7inm0v.apps.googleusercontent.com",
          "client_type": 3
        }
      ],
      "api_key": [
        {
          "current_key": "AIzaSyCuu4tbv9CwwTudNOweMNstzZHIDBhgJxA"
        }
      ],
      "services": {
        "appinvite_service": {
          "other_platform_oauth_client": [
            {
              "client_id": "448618578101-sg12d2qin42cpr00f8b0gehs5s7inm0v.apps.googleusercontent.com",
              "client_type": 3
            },
            {
              "client_id": "448618578101-qqah55eossjuaa9np6ppo2l9fe3e7ohh.apps.googleusercontent.com",
              "client_type": 2,
              "ios_info": {
                "bundle_id": "com.crashlytics.test"
              }
            }
          ]
        }
      }
    },
    {
      "client_info": {
        "mobilesdk_app_id": "1:448618578101:android:e708991417cc7542ac3efc",
        "android_client_info": {
          "package_name": "com.example.testapp"
        }
      },
      "oauth_client": [
        {
          "client_id": "448618578101-sg12d2qin42cpr00f8b0gehs5s7inm0v.apps.googleusercontent.com",
          "client_type": 3
        }
      ],
      "api_key": [
        {
          "current_key": "AIzaSyCuu4tbv9CwwTudNOweMNstzZHIDBhgJxA"
        }
      ],
      "services": {
        "appinvite_service": {
          "other_platform_oauth_client": [
            {
              "client_id": "448618578101-sg12d2qin42cpr00f8b0gehs5s7inm0v.apps.googleusercontent.com",
              "client_type": 3
            },
            {
              "client_id": "448618578101-qqah55eossjuaa9np6ppo2l9fe3e7ohh.apps.googleusercontent.com",
              "client_type": 2,
              "ios_info": {
                "bundle_id": "com.crashlytics.test"
              }
            }
          ]
        }
      }
    },
    {
      "client_info": {
        "mobilesdk_app_id": "1:448618578101:android:78350c93b1c60b39ac3efc",
        "android_client_info": {
          "package_name": "com.example.weather_application"
        }
      },
      "oauth_client": [
        {
          "client_id": "448618578101-r9nu34bp51ji8dve73mr8toori9nv3fp.apps.googleusercontent.com",
          "client_type": 1,
          "android_info": {
            "package_name": "com.example.weather_application",
            "certificate_hash": "909ca1482ef022bbae45a2db6b6d05d807a4c4aa"
          }
        },
        {
          "client_id": "448618578101-sg12d2qin42cpr00f8b0gehs5s7inm0v.apps.googleusercontent.com",
          "client_type": 3
        }
      ],
      "api_key": [
        {
          "current_key": "AIzaSyCuu4tbv9CwwTudNOweMNstzZHIDBhgJxA"
        }
      ],
      "services": {
        "appinvite_service": {
          "other_platform_oauth_client": [
            {
              "client_id": "448618578101-sg12d2qin42cpr00f8b0gehs5s7inm0v.apps.googleusercontent.com",
              "client_type": 3
            },
            {
              "client_id": "448618578101-qqah55eossjuaa9np6ppo2l9fe3e7ohh.apps.googleusercontent.com",
              "client_type": 2,
              "ios_info": {
                "bundle_id": "com.crashlytics.test"
              }
            }
          ]
        }
      }
    },
    {
      "client_info": {
        "mobilesdk_app_id": "1:448618578101:android:cc6c1dc7a65cc83c",
        "android_client_info": {
          "package_name": "com.invertase.testing"
        }
      },
      "oauth_client": [
        {
          "client_id": "448618578101-h0o9b94jnhcoal2qgjn7s7ckkc2n7okq.apps.googleusercontent.com",
          "client_type": 1,
          "android_info": {
            "package_name": "com.invertase.testing",
            "certificate_hash": "909ca1482ef022bbae45a2db6b6d05d807a4c4aa"
          }
        },
        {
          "client_id": "448618578101-gva3jv7cr8qquj04k0o7cni674j65kha.apps.googleusercontent.com",
          "client_type": 1,
          "android_info": {
            "package_name": "com.invertase.testing",
            "certificate_hash": "5e8f16062ea3cd2c4a0d547876baa6f38cabf625"
          }
        },
        {
          "client_id": "448618578101-a9p7bj5jlakabp22fo3cbkj7nsmag24e.apps.googleusercontent.com",
          "client_type": 1,
          "android_info": {
            "package_name": "com.invertase.testing",
            "certificate_hash": "889b4292c735f371168a372cc7778992cd8a5052"
          }
        },
        {
          "client_id": "448618578101-pdjje2lkv3p941e03hkrhfa7459cr2v8.apps.googleusercontent.com",
          "client_type": 1,
          "android_info": {
            "package_name": "com.invertase.testing",
            "certificate_hash": "992e468b990cc418f306d0131be61ecfad800ac1"
          }
        },
        {
          "client_id": "448618578101-sg12d2qin42cpr00f8b0gehs5s7inm0v.apps.googleusercontent.com",
          "client_type": 3
        }
      ],
      "api_key": [
        {
          "current_key": "AIzaSyCuu4tbv9CwwTudNOweMNstzZHIDBhgJxA"
        }
      ],
      "services": {
        "appinvite_service": {
          "other_platform_oauth_client": [
            {
              "client_id": "448618578101-sg12d2qin42cpr00f8b0gehs5s7inm0v.apps.googleusercontent.com",
              "client_type": 3
            },
            {
              "client_id": "448618578101-qqah55eossjuaa9np6ppo2l9fe3e7ohh.apps.googleusercontent.com",
              "client_type": 2,
              "ios_info": {
                "bundle_id": "com.crashlytics.test"
              }
            }
          ]
        }
      }
    },
    {
      "client_info": {
        "mobilesdk_app_id": "1:448618578101:android:cc5ce91648e65dbeac3efc",
        "android_client_info": {
          "package_name": "com.notifeetestapp"
        }
      },
      "oauth_client": [
        {
          "client_id": "448618578101-j9nluebtat700ua550esfvaf64gbo5l5.apps.googleusercontent.com",
          "client_type": 1,
          "android_info": {
            "package_name": "com.notifeetestapp",
            "certificate_hash": "5e8f16062ea3cd2c4a0d547876baa6f38cabf625"
          }
        },
        {
          "client_id": "448618578101-sg12d2qin42cpr00f8b0gehs5s7inm0v.apps.googleusercontent.com",
          "client_type": 3
        }
      ],
      "api_key": [
        {
          "current_key": "AIzaSyCuu4tbv9CwwTudNOweMNstzZHIDBhgJxA"
        }
      ],
      "services": {
        "appinvite_service": {
          "other_platform_oauth_client": [
            {
              "client_id": "448618578101-sg12d2qin42cpr00f8b0gehs5s7inm0v.apps.googleusercontent.com",
              "client_type": 3
            },
            {
              "client_id": "448618578101-qqah55eossjuaa9np6ppo2l9fe3e7ohh.apps.googleusercontent.com",
              "client_type": 2,
              "ios_info": {
                "bundle_id": "com.crashlytics.test"
              }
            }
          ]
        }
      }
    },
    {
      "client_info": {
        "mobilesdk_app_id": "1:448618578101:android:6aa085e64d694703ac3efc",
        "android_client_info": {
          "package_name": "com.rnfbdemo"
        }
      },
      "oauth_client": [
        {
          "client_id": "448618578101-a8tk83htomfvrelhu71j93safubvipdj.apps.googleusercontent.com",
          "client_type": 1,
          "android_info": {
            "package_name": "com.rnfbdemo",
            "certificate_hash": "909ca1482ef022bbae45a2db6b6d05d807a4c4aa"
          }
        },
        {
          "client_id": "448618578101-sg12d2qin42cpr00f8b0gehs5s7inm0v.apps.googleusercontent.com",
          "client_type": 3
        }
      ],
      "api_key": [
        {
          "current_key": "AIzaSyCuu4tbv9CwwTudNOweMNstzZHIDBhgJxA"
        }
      ],
      "services": {
        "appinvite_service": {
          "other_platform_oauth_client": [
            {
              "client_id": "448618578101-sg12d2qin42cpr00f8b0gehs5s7inm0v.apps.googleusercontent.com",
              "client_type": 3
            },
            {
              "client_id": "448618578101-qqah55eossjuaa9np6ppo2l9fe3e7ohh.apps.googleusercontent.com",
              "client_type": 2,
              "ios_info": {
                "bundle_id": "com.crashlytics.test"
              }
            }
          ]
        }
      }
    },
    {
      "client_info": {
        "mobilesdk_app_id": "1:448618578101:android:c017beb5f26b66fcac3efc",
        "android_client_info": {
          "package_name": "com.testapp"
        }
      },
      "oauth_client": [
        {
          "client_id": "448618578101-q1ffje1ttluf8vfhi4aa50pag231q9dt.apps.googleusercontent.com",
          "client_type": 1,
          "android_info": {
            "package_name": "com.testapp",
            "certificate_hash": "909ca1482ef022bbae45a2db6b6d05d807a4c4aa"
          }
        },
        {
          "client_id": "448618578101-sg12d2qin42cpr00f8b0gehs5s7inm0v.apps.googleusercontent.com",
          "client_type": 3
        }
      ],
      "api_key": [
        {
          "current_key": "AIzaSyCuu4tbv9CwwTudNOweMNstzZHIDBhgJxA"
        }
      ],
      "services": {
        "appinvite_service": {
          "other_platform_oauth_client": [
            {
              "client_id": "448618578101-sg12d2qin42cpr00f8b0gehs5s7inm0v.apps.googleusercontent.com",
              "client_type": 3
            },
            {
              "client_id": "448618578101-qqah55eossjuaa9np6ppo2l9fe3e7ohh.apps.googleusercontent.com",
              "client_type": 2,
              "ios_info": {
                "bundle_id": "com.crashlytics.test"
              }
            }
          ]
        }
      }
    },
    {
      "client_info": {
        "mobilesdk_app_id": "1:448618578101:android:ad3f78043b0f1078ac3efc",
        "android_client_info": {
          "package_name": "crashlytics.v4"
        }
      },
      "oauth_client": [
        {
          "client_id": "448618578101-sg12d2qin42cpr00f8b0gehs5s7inm0v.apps.googleusercontent.com",
          "client_type": 3
        }
      ],
      "api_key": [
        {
          "current_key": "AIzaSyCuu4tbv9CwwTudNOweMNstzZHIDBhgJxA"
        }
      ],
      "services": {
        "appinvite_service": {
          "other_platform_oauth_client": [
            {
              "client_id": "448618578101-sg12d2qin42cpr00f8b0gehs5s7inm0v.apps.googleusercontent.com",
              "client_type": 3
            },
            {
              "client_id": "448618578101-qqah55eossjuaa9np6ppo2l9fe3e7ohh.apps.googleusercontent.com",
              "client_type": 2,
              "ios_info": {
                "bundle_id": "com.crashlytics.test"
              }
            }
          ]
        }
      }
    },
    {
      "client_info": {
        "mobilesdk_app_id": "1:448618578101:android:770b4d1c54259e4cac3efc",
        "android_client_info": {
          "package_name": "crashlytics.v5"
        }
      },
      "oauth_client": [
        {
          "client_id": "448618578101-sg12d2qin42cpr00f8b0gehs5s7inm0v.apps.googleusercontent.com",
          "client_type": 3
        }
      ],
      "api_key": [
        {
          "current_key": "AIzaSyCuu4tbv9CwwTudNOweMNstzZHIDBhgJxA"
        }
      ],
      "services": {
        "appinvite_service": {
          "other_platform_oauth_client": [
            {
              "client_id": "448618578101-sg12d2qin42cpr00f8b0gehs5s7inm0v.apps.googleusercontent.com",
              "client_type": 3
            },
            {
              "client_id": "448618578101-qqah55eossjuaa9np6ppo2l9fe3e7ohh.apps.googleusercontent.com",
              "client_type": 2,
              "ios_info": {
                "bundle_id": "com.crashlytics.test"
              }
            }
          ]
        }
      }
    },
    {
      "client_info": {
        "mobilesdk_app_id": "1:448618578101:android:349f77433954456eac3efc",
        "android_client_info": {
          "package_name": "crashlytics.v6"
        }
      },
      "oauth_client": [
        {
          "client_id": "448618578101-sg12d2qin42cpr00f8b0gehs5s7inm0v.apps.googleusercontent.com",
          "client_type": 3
        }
      ],
      "api_key": [
        {
          "current_key": "AIzaSyCuu4tbv9CwwTudNOweMNstzZHIDBhgJxA"
        }
      ],
      "services": {
        "appinvite_service": {
          "other_platform_oauth_client": [
            {
              "client_id": "448618578101-sg12d2qin42cpr00f8b0gehs5s7inm0v.apps.googleusercontent.com",
              "client_type": 3
            },
            {
              "client_id": "448618578101-qqah55eossjuaa9np6ppo2l9fe3e7ohh.apps.googleusercontent.com",
              "client_type": 2,
              "ios_info": {
                "bundle_id": "com.crashlytics.test"
              }
            }
          ]
        }
      }
    },
    {
      "client_info": {
        "mobilesdk_app_id": "1:448618578101:android:275b7c40f21f5a6dac3efc",
        "android_client_info": {
          "package_name": "crashlytics.v7"
        }
      },
      "oauth_client": [
        {
          "client_id": "448618578101-sg12d2qin42cpr00f8b0gehs5s7inm0v.apps.googleusercontent.com",
          "client_type": 3
        }
      ],
      "api_key": [
        {
          "current_key": "AIzaSyCuu4tbv9CwwTudNOweMNstzZHIDBhgJxA"
        }
      ],
      "services": {
        "appinvite_service": {
          "other_platform_oauth_client": [
            {
              "client_id": "448618578101-sg12d2qin42cpr00f8b0gehs5s7inm0v.apps.googleusercontent.com",
              "client_type": 3
            },
            {
              "client_id": "448618578101-qqah55eossjuaa9np6ppo2l9fe3e7ohh.apps.googleusercontent.com",
              "client_type": 2,
              "ios_info": {
                "bundle_id": "com.crashlytics.test"
              }
            }
          ]
        }
      }
    },
    {
      "client_info": {
        "mobilesdk_app_id": "1:448618578101:android:6bf0706c1f27114dac3efc",
        "android_client_info": {
          "package_name": "io.flutter.plugins.firebase.cloudfunctions.cloudfunctionsexample"
        }
      },
      "oauth_client": [
        {
          "client_id": "448618578101-sg12d2qin42cpr00f8b0gehs5s7inm0v.apps.googleusercontent.com",
          "client_type": 3
        }
      ],
      "api_key": [
        {
          "current_key": "AIzaSyCuu4tbv9CwwTudNOweMNstzZHIDBhgJxA"
        }
      ],
      "services": {
        "appinvite_service": {
          "other_platform_oauth_client": [
            {
              "client_id": "448618578101-sg12d2qin42cpr00f8b0gehs5s7inm0v.apps.googleusercontent.com",
              "client_type": 3
            },
            {
              "client_id": "448618578101-qqah55eossjuaa9np6ppo2l9fe3e7ohh.apps.googleusercontent.com",
              "client_type": 2,
              "ios_info": {
                "bundle_id": "com.crashlytics.test"
              }
            }
          ]
        }
      }
    },
    {
      "client_info": {
        "mobilesdk_app_id": "1:448618578101:android:5cc04a661d27c405ac3efc",
        "android_client_info": {
          "package_name": "io.flutter.plugins.firebase.crashlytics.firebasecrashlyticsexample"
        }
      },
      "oauth_client": [
        {
          "client_id": "448618578101-sg12d2qin42cpr00f8b0gehs5s7inm0v.apps.googleusercontent.com",
          "client_type": 3
        }
      ],
      "api_key": [
        {
          "current_key": "AIzaSyCuu4tbv9CwwTudNOweMNstzZHIDBhgJxA"
        }
      ],
      "services": {
        "appinvite_service": {
          "other_platform_oauth_client": [
            {
              "client_id": "448618578101-sg12d2qin42cpr00f8b0gehs5s7inm0v.apps.googleusercontent.com",
              "client_type": 3
            },
            {
              "client_id": "448618578101-qqah55eossjuaa9np6ppo2l9fe3e7ohh.apps.googleusercontent.com",
              "client_type": 2,
              "ios_info": {
                "bundle_id": "com.crashlytics.test"
              }
            }
          ]
        }
      }
    },
    {
      "client_info": {
        "mobilesdk_app_id": "1:448618578101:android:3ad281c0067ccf97ac3efc",
        "android_client_info": {
          "package_name": "io.flutter.plugins.firebase.firestoreexample"
        }
      },
      "oauth_client": [
        {
          "client_id": "448618578101-npu5ll2fj4emgvtietpb685fvdm7fg3s.apps.googleusercontent.com",
          "client_type": 1,
          "android_info": {
            "package_name": "io.flutter.plugins.firebase.firestoreexample",
            "certificate_hash": "909ca1482ef022bbae45a2db6b6d05d807a4c4aa"
          }
        },
        {
          "client_id": "448618578101-sg12d2qin42cpr00f8b0gehs5s7inm0v.apps.googleusercontent.com",
          "client_type": 3
        }
      ],
      "api_key": [
        {
          "current_key": "AIzaSyCuu4tbv9CwwTudNOweMNstzZHIDBhgJxA"
        }
      ],
      "services": {
        "appinvite_service": {
          "other_platform_oauth_client": [
            {
              "client_id": "448618578101-sg12d2qin42cpr00f8b0gehs5s7inm0v.apps.googleusercontent.com",
              "client_type": 3
            },
            {
              "client_id": "448618578101-qqah55eossjuaa9np6ppo2l9fe3e7ohh.apps.googleusercontent.com",
              "client_type": 2,
              "ios_info": {
                "bundle_id": "com.crashlytics.test"
              }
            }
          ]
        }
      }
    },
    {
      "client_info": {
        "mobilesdk_app_id": "1:448618578101:android:0568e76dc62e89bcac3efc",
        "android_client_info": {
          "package_name": "io.flutter.plugins.firebase.messaging.example"
        }
      },
      "oauth_client": [
        {
          "client_id": "448618578101-sg12d2qin42cpr00f8b0gehs5s7inm0v.apps.googleusercontent.com",
          "client_type": 3
        }
      ],
      "api_key": [
        {
          "current_key": "AIzaSyCuu4tbv9CwwTudNOweMNstzZHIDBhgJxA"
        }
      ],
      "services": {
        "appinvite_service": {
          "other_platform_oauth_client": [
            {
              "client_id": "448618578101-sg12d2qin42cpr00f8b0gehs5s7inm0v.apps.googleusercontent.com",
              "client_type": 3
            },
            {
              "client_id": "448618578101-qqah55eossjuaa9np6ppo2l9fe3e7ohh.apps.googleusercontent.com",
              "client_type": 2,
              "ios_info": {
                "bundle_id": "com.crashlytics.test"
              }
            }
          ]
        }
      }
    },
    {
      "client_info": {
        "mobilesdk_app_id": "1:448618578101:android:9d44a7b85d1ab0baac3efc",
        "android_client_info": {
          "package_name": "io.flutter.plugins.firebaseauthexample"
        }
      },
      "oauth_client": [
        {
          "client_id": "448618578101-qd7qb4i251kmq2ju79bl7sif96si0ve3.apps.googleusercontent.com",
          "client_type": 1,
          "android_info": {
            "package_name": "io.flutter.plugins.firebaseauthexample",
            "certificate_hash": "909ca1482ef022bbae45a2db6b6d05d807a4c4aa"
          }
        },
        {
          "client_id": "448618578101-velutq65ok2dr5ohh0oi1q62irr920ss.apps.googleusercontent.com",
          "client_type": 1,
          "android_info": {
            "package_name": "io.flutter.plugins.firebaseauthexample",
            "certificate_hash": "29142b8612b4b6a0ba0fefd1dbf65ab565fb2cbd"
          }
        },
        {
          "client_id": "448618578101-2brn4509s8513kjf9a0i6kvtb9qnght5.apps.googleusercontent.com",
          "client_type": 1,
          "android_info": {
            "package_name": "io.flutter.plugins.firebaseauthexample",
            "certificate_hash": "e1604565b51994d10886de1d91da9968dfec02ed"
          }
        },
        {
          "client_id": "448618578101-2kqet2itdu42g0avs2v3fbsmtf6a45gg.apps.googleusercontent.com",
          "client_type": 1,
          "android_info": {
            "package_name": "io.flutter.plugins.firebaseauthexample",
            "certificate_hash": "939efbe8eaa5aaf50396b19fe980ef4a8df1c6e7"
          }
        },
        {
          "client_id": "448618578101-sg12d2qin42cpr00f8b0gehs5s7inm0v.apps.googleusercontent.com",
          "client_type": 3
        }
      ],
      "api_key": [
        {
          "current_key": "AIzaSyCuu4tbv9CwwTudNOweMNstzZHIDBhgJxA"
        }
      ],
      "services": {
        "appinvite_service": {
          "other_platform_oauth_client": [
            {
              "client_id": "448618578101-sg12d2qin42cpr00f8b0gehs5s7inm0v.apps.googleusercontent.com",
              "client_type": 3
            },
            {
              "client_id": "448618578101-qqah55eossjuaa9np6ppo2l9fe3e7ohh.apps.googleusercontent.com",
              "client_type": 2,
              "ios_info": {
                "bundle_id": "com.crashlytics.test"
              }
            }
          ]
        }
      }
    },
    {
      "client_info": {
        "mobilesdk_app_id": "1:448618578101:android:29bf96f913c195f5ac3efc",
        "android_client_info": {
          "package_name": "io.flutter.plugins.firebasecrashlyticsexample"
        }
      },
      "oauth_client": [
        {
          "client_id": "448618578101-sg12d2qin42cpr00f8b0gehs5s7inm0v.apps.googleusercontent.com",
          "client_type": 3
        }
      ],
      "api_key": [
        {
          "current_key": "AIzaSyCuu4tbv9CwwTudNOweMNstzZHIDBhgJxA"
        }
      ],
      "services": {
        "appinvite_service": {
          "other_platform_oauth_client": [
            {
              "client_id": "448618578101-sg12d2qin42cpr00f8b0gehs5s7inm0v.apps.googleusercontent.com",
              "client_type": 3
            },
            {
              "client_id": "448618578101-qqah55eossjuaa9np6ppo2l9fe3e7ohh.apps.googleusercontent.com",
              "client_type": 2,
              "ios_info": {
                "bundle_id": "com.crashlytics.test"
              }
            }
          ]
        }
      }
    },
    {
      "client_info": {
        "mobilesdk_app_id": "1:448618578101:android:d767a536227718bcac3efc",
        "android_client_info": {
          "package_name": "io.flutter.plugins.firebasemessagingexample"
        }
      },
      "oauth_client": [
        {
          "client_id": "448618578101-rthm8sh42ifgn9vp60914nol7u8h7mgq.apps.googleusercontent.com",
          "client_type": 1,
          "android_info": {
            "package_name": "io.flutter.plugins.firebasemessagingexample",
            "certificate_hash": "29142b8612b4b6a0ba0fefd1dbf65ab565fb2cbd"
          }
        },
        {
          "client_id": "448618578101-sg12d2qin42cpr00f8b0gehs5s7inm0v.apps.googleusercontent.com",
          "client_type": 3
        }
      ],
      "api_key": [
        {
          "current_key": "AIzaSyCuu4tbv9CwwTudNOweMNstzZHIDBhgJxA"
        }
      ],
      "services": {
        "appinvite_service": {
          "other_platform_oauth_client": [
            {
              "client_id": "448618578101-sg12d2qin42cpr00f8b0gehs5s7inm0v.apps.googleusercontent.com",
              "client_type": 3
            },
            {
              "client_id": "448618578101-qqah55eossjuaa9np6ppo2l9fe3e7ohh.apps.googleusercontent.com",
              "client_type": 2,
              "ios_info": {
                "bundle_id": "com.crashlytics.test"
              }
            }
          ]
        }
      }
    },
    {
      "client_info": {
        "mobilesdk_app_id": "1:448618578101:android:553625b1be8cf2efac3efc",
        "android_client_info": {
          "package_name": "io.flutter.plugins.firebasestorageexample"
        }
      },
      "oauth_client": [
        {
          "client_id": "448618578101-sg12d2qin42cpr00f8b0gehs5s7inm0v.apps.googleusercontent.com",
          "client_type": 3
        }
      ],
      "api_key": [
        {
          "current_key": "AIzaSyCuu4tbv9CwwTudNOweMNstzZHIDBhgJxA"
        }
      ],
      "services": {
        "appinvite_service": {
          "other_platform_oauth_client": [
            {
              "client_id": "448618578101-sg12d2qin42cpr00f8b0gehs5s7inm0v.apps.googleusercontent.com",
              "client_type": 3
            },
            {
              "client_id": "448618578101-qqah55eossjuaa9np6ppo2l9fe3e7ohh.apps.googleusercontent.com",
              "client_type": 2,
              "ios_info": {
                "bundle_id": "com.crashlytics.test"
              }
            }
          ]
        }
      }
    },
    {
      "client_info": {
        "mobilesdk_app_id": "1:448618578101:android:670b9e77ba703236ac3efc",
        "android_client_info": {
          "package_name": "io.invertase.flutter.ui.auth.example"
        }
      },
      "oauth_client": [
        {
          "client_id": "448618578101-vh59lklbaigpccaugknk3j0g1pp81kr2.apps.googleusercontent.com",
          "client_type": 1,
          "android_info": {
            "package_name": "io.invertase.flutter.ui.auth.example",
            "certificate_hash": "e1604565b51994d10886de1d91da9968dfec02ed"
          }
        },
        {
          "client_id": "448618578101-sg12d2qin42cpr00f8b0gehs5s7inm0v.apps.googleusercontent.com",
          "client_type": 3
        }
      ],
      "api_key": [
        {
          "current_key": "AIzaSyCuu4tbv9CwwTudNOweMNstzZHIDBhgJxA"
        }
      ],
      "services": {
        "appinvite_service": {
          "other_platform_oauth_client": [
            {
              "client_id": "448618578101-sg12d2qin42cpr00f8b0gehs5s7inm0v.apps.googleusercontent.com",
              "client_type": 3
            },
            {
              "client_id": "448618578101-qqah55eossjuaa9np6ppo2l9fe3e7ohh.apps.googleusercontent.com",
              "client_type": 2,
              "ios_info": {
                "bundle_id": "com.crashlytics.test"
              }
            }
          ]
        }
      }
    },
    {
      "client_info": {
        "mobilesdk_app_id": "1:448618578101:android:b90da4e868ff1aafac3efc",
        "android_client_info": {
          "package_name": "org.reactjs.native.example.rnfbTestApplication"
        }
      },
      "oauth_client": [
        {
          "client_id": "448618578101-fft7llalbhpetiiuqg4uk19jfp0tfefe.apps.googleusercontent.com",
          "client_type": 1,
          "android_info": {
            "package_name": "org.reactjs.native.example.rnfbTestApplication",
            "certificate_hash": "909ca1482ef022bbae45a2db6b6d05d807a4c4aa"
          }
        },
        {
          "client_id": "448618578101-sg12d2qin42cpr00f8b0gehs5s7inm0v.apps.googleusercontent.com",
          "client_type": 3
        }
      ],
      "api_key": [
        {
          "current_key": "AIzaSyCuu4tbv9CwwTudNOweMNstzZHIDBhgJxA"
        }
      ],
      "services": {
        "appinvite_service": {
          "other_platform_oauth_client": [
            {
              "client_id": "448618578101-sg12d2qin42cpr00f8b0gehs5s7inm0v.apps.googleusercontent.com",
              "client_type": 3
            },
            {
              "client_id": "448618578101-qqah55eossjuaa9np6ppo2l9fe3e7ohh.apps.googleusercontent.com",
              "client_type": 2,
              "ios_info": {
                "bundle_id": "com.crashlytics.test"
              }
            }
          ]
        }
      }
    }
  ],
  "configuration_version": "1"
}